# Coefficient directeur a;Ordonnée à l'origine b;R**2
1.956049562701606988e+02 4.803079701213798398e+04
