# Coefficient directeur a;Ordonnée à l'origine b;R**2
6.177530666709628804e+02 -5.668445108479263581e+04
