# Coefficient directeur a;Ordonnée à l'origine b;R**2
1.949448176910666746e+02 4.801198442504437844e+04
