# Constante de cellule du 2025-06-18 10:20:00;Constante de cellule K à 25 °C;Constante de cellule K à 25 °C méthode 2;R carre 25 °C;R carre 25 °C méthode 2
1.170919751085949247e+05 1.169937214007655712e+05 1.174165051105615712e+05 5.320862916860908537e-02 5.822466508880613789e-02 6.776799060635828320e-02
