# Constante de cellule du 2025-06-16 16:51:00;Constante de cellule K à 25 °C
6.419618685675821325e+03
-1.584283255962369731e+05
