# Constante de cellule du 2025-06-18 10:30:00;Constante de cellule K à 25 °C;Constante de cellule K à 25 °C méthode 2;R carre 25 °C;R carre 25 °C méthode 2
2.351206719714442443e+05 2.357407915363885695e+05 2.351206719714442443e+05 nan nan nan
