# Constante de cellule du 2025-06-17 17:43:00;Constante de cellule K à 25 °C;Constante de cellule K à 25 °C méthode 2;R carre 25 °C;R carre 25 °C méthode 2
7.550075063792682158e+03 7.549525654259987277e+03 7.550075063792680339e+03 nan nan nan
