# Constante de cellule du 2025-06-17 15:33:00;Constante de cellule K à 25 °C;Constante de cellule K à 25 °C méthode 2;R carre 25 °C;R carre 25 °C méthode 2
1.326428141209761270e+04 1.325290602742686315e+04 1.321463638810175325e+04 9.509437949876613505e-01 9.497486041048309735e-01 9.473038986101001147e-01
