# Constante de cellule du 2025-06-17 17:15:00;Constante de cellule K à 25 °C;Constante de cellule K à 25 °C méthode 2;R carre 25 °C;R carre 25 °C méthode 2
8.509090529294127919e+03 8.521123423225624720e+03 8.510710214061633451e+03 1.000000000000000000e+00 1.000000000000000000e+00 1.000000000000000000e+00
