# Constante de cellule du 2025-06-18 11:04:00;Constante de cellule K à 25 °C;Constante de cellule K à 25 °C méthode 2;R carre 25 °C;R carre 25 °C méthode 2
2.070534133673741890e+05 2.075252321262550831e+05 2.076590334341686103e+05 1.000000000000000000e+00 1.000000000000000000e+00 9.999999999999995559e-01
