# Constante de cellule du 2025-06-16 17:07:00;Constante de cellule K à 25 °C
7.289714290756855007e+03
-1.792952317971818266e+05
