# Constante de cellule du 2025-06-16 17:14:00;Constante de cellule K à 25 °C
6.150049575639782233e+03
-1.511793338115875085e+05
