# Constante de cellule du 2025-06-17 16:52:00;Constante de cellule K à 25 °C;Constante de cellule K à 25 °C méthode 2;R carre 25 °C;R carre 25 °C méthode 2
1.732601241694891723e+04 1.719294507523005450e+04 1.713579242089727268e+04 8.686875823493562798e-01 8.547697660736315317e-01 8.553971252406116221e-01
