# Constante de cellule du 2025-06-17 16:16:00;Constante de cellule K à 25 °C;Constante de cellule K à 25 °C méthode 2;R carre 25 °C;R carre 25 °C méthode 2
1.471766427358683904e+04 1.472788740542097548e+04 1.464471032181616101e+04 9.033623510454487082e-01 9.037844970270303424e-01 8.967684831971503012e-01
