# Constante de cellule du 2025-06-17 11:31:00;Constante de cellule K à 25 °C;Constante de cellule K à 25 °C méthode 2;R carre 25 °C;R carre 25 °C méthode 2
6.290887479506341151e+03 6.290857991189686800e+03 6.290857991189686800e+03 1.000000000000000000e+00 1.000000000000000000e+00 1.000000000000000000e+00
