# Constante de cellule du 2025-06-16 15:39:00;a;b
2.534598082924664050e+04
3.998807033019729715e+04
-4.729791777401328545e+03
