# Constante de cellule du 2025-06-17 15:49:00;Constante de cellule K à 25 °C;Constante de cellule K à 25 °C méthode 2;R carre 25 °C;R carre 25 °C méthode 2
1.532519335441698422e+04 1.512307713733937635e+04 1.531483555288704883e+04 9.349857204774310038e-01 9.369069240834210222e-01 9.347941448968440925e-01
