# Constante de cellule du 2025-06-17 15:59:00;Constante de cellule K à 25 °C;Constante de cellule K à 25 °C méthode 2;R carre 25 °C;R carre 25 °C méthode 2
1.755896598539713523e+04 1.755258347892285383e+04 1.755896598539713523e+04 nan nan nan
