# Constante de cellule du 2025-06-16 16:28:00;Constante de cellule K à 25 °C
6.181256549887476467e+03
-1.519213252658396086e+05
