# Constante de cellule du 2025-06-17 17:00:00;Constante de cellule K à 25 °C;Constante de cellule K à 25 °C méthode 2;R carre 25 °C;R carre 25 °C méthode 2
1.173800297943793885e+04 1.169879154254228888e+04 1.174495741674577584e+04 1.000000000000000000e+00 1.000000000000000000e+00 9.999999999999995559e-01
