# Constante de cellule du 2025-06-17 16:08:00;Constante de cellule K à 25 °C;Constante de cellule K à 25 °C méthode 2;R carre 25 °C;R carre 25 °C méthode 2
1.759588604258419582e+04 1.750489837985580016e+04 1.759588604258419218e+04 nan nan nan
